Comune,Cap,Indirizzo
Perugia,06127,Via Guerriero Guerra 21
Terni,05100,Viale Donato Bramante 37
Viterbo,01100,Via Enrico Fermi 15
Tivoli,00019,Via Acquaregna 1/15
Reggio Calabria,89128,Via Sant\'Anna II Tronco 18/p
Cagliari,09134,Piazzale A. Ricchi 1
Pordenone,33170,Via Vecchia Ceramica 1
Vibo Valentia,89900,Via Dante Alighieri
Arce,03032,Via Borgo Murata 34/b
Novara,28100,Viale Roma 7
Belluno,32100,Via Feltre 57
Napoli,80145,Via Comunale del Principe 13/a
Sassari,07100,Via Enrico Costa 57 (Piazza Fiume)
Teramo,64100,Circ.ne Ragusa 1
Bascape\',27010,Piazza Della Repubblica 2
Treviso,31100,via Sant\'Ambrogio di Fiera 37
Torino,10123,Via Accademia Albertina 6
Fossano,12045,Via Roma 91
Avellino,83100,Via Seminario - Casa Della Cultura V.Hugo
Gela,93012,Piazza San Francesco
Caltanissetta,93100,Via S. D'acquisto
Castellammare di Stabia,80053,Piazza Matteotti 35
Ischia,80077,"Via Iasolino,7"
Pozzuoli,80078,Largo Matteotti 1A
Vico Equense,80069,Via Filangieri 100
Capri,80073,Via Gradoni Sopramonte 10/A
Pompei,80045,Via Sacra 1
Acireale,95024,Via Delle Terme 47
Gemona Del Friuli,33013,Piazzetta Portuzza 2
Napoli,80143,Centro Direzionale Is. C5
Roma,00147,Via Cristoforo Colombo 163
Noci,70015,Via Repubblica 2 - Noci
Ponzone,15010,Via Negri Di Sanfront 12
Torino,10123,Via Maria Vittoria 19
Tortoreto,64018,Via Napoli 4
Bolzano,39100,Via Josef Mayr Nusser 62d
Gorizia,34170,Via Vittorio Veneto 174
Trieste,34128,Via Giovanni Sai 1-3
Napoli,80132,CENTRO DIREZIONALE IS. C/5
Capaccio,84047,Via Magna Grecia 887
Macerata,62100,Via Santa Maria Della Porta 65
Udine,33100,Via Pozzuolo 330
Benevento,82100,Rocca Dei Rettori - p.zza Castello
Ancona,60127,Via Del Commercio 27
Sorrento,80067,Via Luigi De Maio 35
Termoli,86039,Piazza Melchiorre Bega 42
Amalfi,84011,Corso Delle Repubbliche Marinare 27
Cava de\' Tirreni,84013,Via della Repubblica 11/13
Maiori,84010,Corso Reginna 73
Positano,84017,Via Regina Giovanna 13
Ravello,84010,Via Roma 18 Bis
Salerno,84125,Via Velia 15
Torino,10135,Via Pio VII 9
Messina,98124,Via G. La Farina 336
Pesaro,61121,Via Borgomozzo 10/C
Jesi,60035,Via Gallodoro 67/69
Venezia,30172,Via G. Pepe 102 - Mestre
Macerata,62100,Via Domenico Annibali 31/L
Palermo,90133,Via Roma 19
Sant\'Elpidio a Mare,63811,Via Porta Romana 142
Bedollo,38043,Via G. Verdi 35
Bologna,40126,Via Belle Arti 54
Bari,70125,Via Re David 189/c
Catania,95125,Via Del Bosco 34/a
Carrara,54033,Via Roma 1
Catanzaro,88100,Via Tommaso Campanella 182
Firenze,50122,Via Ricasoli 66
Frosinone,03100,Viale Marconi Snc
Foggia,71122,Corso Garibaldi 35
L\'Aquila,67100,Via Leonardo Da Vinci
Macerata,62100,Piazza Vittorio Veneto 5
Napoli,80138,Via Vincenzo Bellini 36
Palermo,90134,Via Papireto 20
Roma,00186,Via Di Ripetta 222
Urbino,61029,Via Dei Maceri 2
Venezia,30123,Dorsoduro 423
Sassari,07100,Via Duca Degli Abruzzi 4
Reggio Calabria,89123,Via Xxv Luglio 10
Bedollo,38043,Via G. Verdi 35
Potenza,85100,Corso Umberto I 28
Casal Velino,84040,Via Napoli 67
Caserta,81100,Viale Lincoln Ex Area Saint Gobain
Firenze,50122,Via Dei Servi 15
Venezia,30121,Cannaregio 4314
Campobasso,86100,Contrada Colle Delle Api
Venezia,30121,Cannaregio 4314
Caserta,81100,Viale Lincoln Ex Zona Saint Gobain
Ascoli Piceno,63100,Viale Indipendenza 2
Roma,00185,Via Monzambano 10
Lasa,39023,Cengles 15
Campione D\'italia,22060,Via Fusina 16
Laveno-Mombello,21014,Via Martiri Della Liberta 11
Menaggio,22017,Piazzale Vittorio Emanuele 4
Trento,38122,Piazza Vittoria 5
Lucca,55100,Via Vittorio Veneto 1
Napoli,80138,Piazzetta G.fortunato 10
Napoli,80143,Via G. Porzio - Centro Direzionale - Isola E3 - piani 12 e 16
Nuoro,08100,Via Straullu 35
Brescia,25121,Piazza Paolo VI 29
Bergamo,24129,Via Salvecchio 19
Sesto,39030,Via Dolomiti 9
Curon Venosta,39027,Paese
Malles Venosta,39024,Matsch Mazia
Naturno,39025,Via Municipio 1
Predoi,39030,Kirchdorf 84 A
Badia,39036,Strada Pedraces 40
Chienes,39030,Via Peuren 2 A
Naturno,39025,Stava 27
Naturno,39025,Tabla 17
Firenze,50141,Via di Castello 46
Roma,00186,Piazza Capranica 78
Napoli,80143,Via G. Porzio Centro Direzionale Di Napoli Isola C3
Pescara,65125,Via Maestri Del Lavoro D'italia 81
Tolentino,62029,Piazza V. Porcelli 3
Spadafora,98048,"Via Vittorio Emanuele II,.44"
Ancona,60122,Corso Stamira 80
Agrigento,92100,Via Matteo Cimarra 38
Asti,14100,Piazza Medici 21/22
Avellino,83100,Via Baccanico N 34
Acireale,95024,"Viale Regina Margherita,25"
Benevento,82100,Via Salvator Rosa 24 - 26
Lecce,73100,Via G. Libertini 3
Udine,33100,Viale Europa Unita 141
Monreale,90046,Via Altofonte 62a
Brindisi,72100,Via Dalmazia 31 B
Brescia,25134,Via Enzo Ferrari 4-6
Cremona,26100,Via Xx Settembre 19
Catanzaro,88100,Viale Dei Normanni 99
Caserta,81100,Via Nazario Sauro 10
Catanzaro,88100,Via Vincenzo de Grazia 37
Chieti,66100,Piazza Garibaldi 3
Catania,95129,Via Sabotino 3
Campobasso,86100,Via Cavour 14
Ceva,12073,Via Case Rosse 1
Bologna,40122,Piazza Della Resistenza 4
Forli\',47121,Viale Giacomo Matteotti 44
Enna,94100,Via Roma 200
Trento,38121,Via del Maso Smalz 3
Foggia,71122,Via De Petra 107-109
Gorizia,34170,Via Trieste 171
Roma,00185,Via Marsala 8
Belluno,32100,Piazza Dei Martiri 46
Bolzano,39100,Corso Italia 19/a
Cagliari,09100,Via Palomba 64
Caltanissetta,93100,Via Pietro Leone 2
Cuneo,12100,Piazza Europa 5
Ivrea,10015,Via Cesare Pavese 8
Livorno,57126,"Via Giuseppe Verdi,32"
Macerata,62100,Via Roma 139
Nuoro,08100,Via Sicilia 39
Oristano,09170,Via Cagliari 114
Sassari,07100,Viale Adua 32
Castel San Pietro Terme,40024,Via Matteotti 77
Bari,70126,Via Ottavio Serena 26
Bergamo,24121,Via Angelo Maj 16
Biella,13900,Viale Matteotti 11
Grosseto,58100,Via Mazzini 105
Isernia,86170,Viale Dei Pentri 40
Lecco,23900,Corso Matteotti 5B
Padova,35131,Via Scrovegni 19
Pordenone,33170,Viale Dante 40
Crotone,88900,Piazza Ciliberto 24 Pal Ruggiero A 2
Reggio Calabria,89123,Via Vittorio Veneto 60
L\'Aquila,67100,Via Donadei 3
Lecce,73100,Via Giuseppe Candido 2
Napoli,80121,Via Domenico Morelli 75
Pavia,27100,Via Bernardino Da Feltre 4
La Spezia,19124,Via Costantini 18
Modena,41121,Viale Verdi 7
Massa,54100,Via Aurelia Ovest 193
Piacenza,29121,Via G. Taverna 37
Grottammare,63066,Contrada Granaro 6
Matera,75100,"Viale Delle Nazioni Unite,47"
Milano,20121,Corso Venezia 43
Messina,98123,Via Luciano Manara Is. 125
Mantova,46100,Piazza 80 Fanteria 13
Napoli,80125,Piazzale V. Tecchio 49/D
Novara,28100,Via Rosmini 36
Roma,00135,P.za Santa Maria Della Pieta\' 5 - Pad. 90
Pisa,56124,Via Cisanello 168
Pistoia,51100,Via Ricciardetto 2
Prato,59100,Via F. Ferrucci 195/t
Cremona,26100,Localita San Felice
Potenza,85100,Piazza Marconi 385
Piacenza,29121,Via Chiapponi 37
Palermo,90144,Viale Delle Alpi 6
Pescara,65121,Via Del Circuito 59
Perugia,06132,Via Corcianese 218/H
Pavia,27100,Piazza Guicciardi 5
Palestrina,00036,Via Gran Sasso 42
Reggio Calabria,89122,Via De Nava 43
Reggio Emilia,42123,Viale Magenta 1/d
Fie\' allo Sciliar,39050,Via Kartatscher Nr. 2
San Pietro al Natisone,33049,Via Del Klancic 2
Rieti,02100,Largo Florenzo Spadoni 7
Ragusa,97100,Via Ugo La Malfa 49
Roma,00147,Via Cristoforo Colombo 261
Rovigo,45100,Piazza XX Settembre 9
Siena,53100,Via Campansi 18
Lamezia Terme,88046,Via Giorgio Pinna 29
Gallarate,21013,Via Carlo Cattaneo 9
Sant\'Ambrogio di Torino,10057,Via Delle Chiuse 21
Duino-aurisina,34011,Aurisina Cave 25 C
Civitanova Marche,62012,Via Del Casone 30
Arezzo,52100,Via Margaritone 6
Ferrara,44121,Via Ripagrande 5
Milano,20124,Via Pola 12
Arzignano,36071,Via Ferraretta 20
Fiorenzuola D\'arda,29017,Via Pallavicino 8
Salerno,84123,Via G. Vicinanza 11
Siena,53100,Viale Vittorio Veneto 47
Sondrio,23100,Via Mazzini 39/A
Siracusa,96100,Via Foro Siracusano 27
Trieste,34133,Via Fabio Severo 18
Taranto,74121,Via Giustino Fortunato Snc
Brescia,25121,Piazza della Loggia 6
Torino,10134,Piazzale San Gabriele di Gorizia 210
Reggio Emilia,42124,Viale Trento Trieste 13
Trento,38122,Via Brennero 98
Teramo,64100,Corso Cerulli 81
Terni,05100,Viale Cesare Battisti 121
Udine,33100,Viale Tricesimo 46
Venezia,30173,Via Ca' Marcello 67/d Mestre
Vercelli,13100,Corso Fiume 73
Ortisei,39046,Via Roma 2
Vibo Valentia,89900,Via Dante Alighieri
Vicenza,36100,Via E. Fermi 233
Verona,37122,Via Della Valverde 34
Viterbo,01100,Via Adolfo Marini 16
Alessandria,15121,Corso Felice Cavallotti 19
Ascoli Piceno,63100,Viale Indipendenza 38/A
Arezzo,52100,Viale Signorelli 24A
Milano,20121,Via Brera 28
Bologna,40133,Via Emilia Ponente 24/O
Como,22100,Viale M. Masia 79
Cosenza,87100,Via Aldo Moro 27
Forli\',47122,Via C. Monteverdi 1
Ferrara,44122,Via Padova 17
Firenze,50121,Viale Amendola 36
Frosinone,03100,Via Firenze 57
Genova,16129,Viale Brigate Partigiane 1/A
Imperia,18100,Via Tommaso Schiva 11/19
Latina,04100,Via Aurelio Saffi 23
Lucca,55100,Via Catalani 59
Parma,43121,B.go Girolamo Cantelli 15/A
Pesaro,61120,Via San Francesco 44
Ravenna,48121,Piazza Goffredo Mameli 4
Rimini,47921,Via Roma 66
Trapani,91100,Via Virgilio 115
Treviso,31100,Viale Giuseppe Verdi 23/C
Varese,21100,Viale Milano 25
Domodossola,28845,Regione Nosere 4
Aosta,11100,Regione Borgnalle 10H
Novara,28100,Piazza Matteotti 1
Arzano,80022,Via Napoli 232
Salerno,84131,Viale Giuseppe Verdi 23 L
L\'Aquila,67100,Via XX Settembre 46/52
Potenza,85100,Via Del Gallitello 56
Frosinone,03100,Piazza Gramsci 13
Conegliano,31015,Viale Veneto 46
Valenzano,70010,Strada Prov. per Casamassima Km 3 C/o Innovapuglia Spa
Parma,43121,Strada Garibaldi 75
Carpineti,42033,Via Poiago 72
Bagnacavallo,48012,Via Mazzini 3
San Salvo,66050,"Piazza San Vitale,1"
Busto Arsizio,21052,Via Libia 2
Voghera,27058,Piazza San Bovo 37
Vallarsa,38060,Fraz. Corte 1
Firenze,50122,Vicolo De\' Malespini 1
Bari,70125,Via Giustino Fortunato 4/G
Napoli,80132,Via Cesario Console 3
Livo,38020,Via G. Marconi 54
Villanova d\'Asti,14019,Via Carlo V 53
Faenza,48018,Piazza San Rocco 2
Chieti,66100,"Viale Unita' D'Italia,32/A"
Napoli,80133,Via Alcide De Gasperi 45
Perugia,06123,Via Benedetta 14
Genova,16121,Via Xx Settembre 15
Roma,00196,Via Cesare Beccaria 35/A
Milano,20121,Corso di Porta Vittoria 27
Bologna,40127,Viale Aldo Moro 64
Dronero,12025,Via Val Maira 19
Roma,00154,Via Ostiense 131l
Palermo,90123,Via Tiro a Segno 5
Codroipo,33033,Piazzetta G.Marconi 3
Lana,39011,Via Ausserdorfer 3
Ultimo,39016,S. Valburga 223/a
Sassuolo,41049,Via Bologna
Feltre,32032,Via Negrelli 7
Gorgonzola,20064,Piazza Giovanni Xxiii 12
Catanzaro,88100,Via Vinicio Cortese 2
Afragola,80021,Piazza Municipio 1
Perugia,06128,Via Pietro Tuzi 7
Cagliari,09123,Viale Luigi Merello 86
Milano,20157,Via G.b. Grassi 74
Frosinone,03100,Via Dei Volsci 29
Roma,00198,Piazza Verdi 6/A
Napoli,80143,Centro Direzionale Isola B5
Roma,00187,Via Barberini 38
Roma,00143,Via Mario Carucci 71
Roma,00145,Via Cristoforo Colombo 426 C/D
Roma,00185,Via Palestro 81
Roma,00185,Via G. B. Morgagni 30H
Roma,00187,Via Puglie 23
Milano,20123,Via Dogana 4
Giugliano in Campania,80014,Via Bartolo Longo 20
Roma,00144,Via Liszt 21
Caserta,81100,Via Gallicola 52
Roma,00196,Via Di Villa Ruffo 6
Firenze,50134,Via Vittorio Emanuele 62-64
Fabriano,60044,Piazza Del Comune 1
Pagani,84016,Via Pittoni 1
Genova,16121,Via G. D\'annunzio 27
Peschiera del Garda,37019,Via 11 Settembre 24
Gravina di Catania,95030,Via Roma 197
Gioia Tauro,89013,Contrada Lamia
Torino,10125,Via Amedeo Avogadro 30
Arzano,80022,Piazza Marconi
Latina,04100,Piazza Del Popolo 1
Calliano,14031,Via Roma 75
Busca,12022,Via Monastero 180
Cetona,53040,Via San Sebastiano 16
Roma,00187,Via San Nicola Da Tolentino 45
Torri di Quartesolo,36040,Via Aldo Moro 21
Arzano,80022,Via Salvemini snc
Teramo,64100,Via M. Delfico 73
Dorzano,13881,"Via G.d. Volpe,33"
Roma,00187,Via del Tritone 181
Front,10070,Via G. Destefanis 68
Sanfront,12030,Via Trieste 19
Bucchianico,66011,Piazza San Camillo De Lellis 18
Parma,43121,Strada Giuseppe Garibaldi 75
Roma,00135,Via Salvatore Contarini 25
Bolzano,39100,Via Canonico Michael Gamper 1
Meta,80062,Piazza Vittorio Veneto 10
Torri Di Quartesolo,36040,Via Schio 2
Donato,13893,Via Garibaldi 2
Riccione,47838,Corso Flli Cervi 50
San Salvatore Monferrato,15046,Via Boeri 8
Vicenza,36100,Contra' Pedemuro San Biagio 72
Milano,20146,Via Marostica 8
San Pietro di Morubio,37050,Fz. Bonavicina Via D. Alighieri 1
Oviglio,15026,Via Pagliari 5
Palermo,90146,Viale Del Fante 66
Sora,03039,VIA G. D'Annunzio 17
Bolzano,39100,Via Dr. Julius Perathoner 10
Sanfre\',12040,Via Asilo 2
Pescara,65121,Piazza Italia 1
Chieri,10023,Piazza Mazzini 3 Bis
San Damiano D\'asti,14015,Via C. Beccaria 6
Livorno,57123,Via Cogorano 25
Firenze,50125,Viale Poggi 2
Siena,53100,VIA DELLA PACE 37/9
Lozzo Di Cadore,32040,Via Marmarole 436
Codroipo,33033,Vile Duodo 80
Mozzate,22076,Via Giosue\' Carducci 4
Bergamo,24121,Via T.Tasso 8
Mantova,46100,Via Principe Amedeo 30
Firenze,50122,Via Verdi 16
Castelfranco Veneto,31033,Borgo Pieve 76
Pastena,03020,Piazza Del Maggio
Villandro,39040,Vicolo F. V. Defregger 4
Magenta,20013,Via Crivelli 39
Albano Laziale,00041,Piazza Costituente 1
Roma,00187,Via Sicilia 162c
Ancona,60121,Piazza Cavour 23
Abbiategrasso,20081,Viale Carlo Cattaneo 45
Bolzano,39100,Via Alessandro Volta 13/A
Lodi,26900,Via Haussmann 11
Varese,21100,Piazza Liberta\' 1
Campobasso,86100,Via Genova 11
Genova,16121,Piazza Della Vittoria 15
Latina,04100,Via Costa 1
Palermo,90144,Via Trinacria 36
Jesolo,30016,Via Ca'silis 16
Torino,10124,Via Po 1
Matera,75100,Via Annunziatella 64
Monza,20900,Viale Enrico Fermi 105
Legnano,20025,Via Per Busto Arsizio 53
Potenza,85100,Via Grippo
Bolzano,39100,Via Canonico Michael Gamper 1
Padova,35137,Piazzale Mazzini 14
Amelia,05022,"S.s. Amerina Km 7,700"
Palermo,90138,Via Volturno 2
L\'aquila,67100,Localita Campo Di Pile Snc
Castellana Sicula,90020,Via Leone XIII 32
Milano,20127,Via Tommaso Pini 1
Taranto,74121,Cesare Battisti 657
Palermo,90135,Via Roccazzo 77
Bagheria,90011,Via Papa Giovanni Xxiii 26
Cerro Maggiore,20023,"Piazza Aldo Moro,1"
Bergamo,24122,Via G. Manzu\' 25
Macerata,62100,Via Famiglia Palmieri 6
Casamicciola Terme,80074,Via Principessa Margherita 54
Bari,70132,Via Accolti Gil
Taranto,74123,Piazza Pertini 4
Avezzano,67051,Piazza Torlonia 98
Torino,10125,Corso Marconi 10
Pergine Valsugana,38057,Viale Dell\'industria 4l
Massa Lubrense,80061,Via Roma 29
Rimini,47923,Via Dario Campana 67
Bolzano,39100,via Pascoli 2/A
Rovereto,38068,Via Pasqui 10
Ascoli Piceno,63100,Viale Indipendenza 42
Sant\'Agata di Militello,98076,Via Medici 259
San Benedetto Del Tronto,63074,Via Mamiani 29
Salerno,84131,Viale Andrea De Luca 22/i
Barcellona Pozzo Di Gotto,98051,Via Strada Statale S.antonino 461
Atella,85020,Corso Papa Giovanni XXIII 7
San Vito Al Tagliamento,33078,Via Clauzetto 15
Verona,37113,Via Torbido 3/a
Glorenza,39020,Piazza Municipio 1
Teramo,64100,Via Pietro Rosati 4
Teramo,64100,Via Nicola Palma
Teramo,64100,Via Nicola Palma
Sant\'omero,64027,Largo Del Convento 2
Teramo,64100,Piazza Dante Alighieri
Roma,00198,Via Vincenzo Bellini 16
Roma,00186,Via Dei Prefetti 46
Milano,20121,Via Rovello 2
Selvazzano Dentro,35030,Melchiorre Cesarotti 17
Roma,00153,Largo Arrigo Vii 5
Roma,00187,Via XX Settembre 65bis
Roma,00195,Via Sabotino 4
Roma,00192,Via Ezio 12/14
Roma,00192,Via Fornovo 8
Sulmona,67039,Via Circonvallazione Orientale 43a
Tortoreto,64018,Via Terravecchia 1
Civitella Del Tronto,64010,Via Marconi 77
Venezia,30174,Via Spalti 1
Roma,00156,v. Attilio Benigni 53
Novara,28100,Via Triggiani 9 Novara
Roma,00153,Via Ippolito Nievo 35
Rovato,25038,Via XXV Aprile 18
Palermo,90127,Piazza Nicola Leotta 4
Torino,10126,C.so Bramante 88
Castelnovo di Sotto,42024,Via Conciliazione 10
Napoli,80131,Via Leonardo Bianchi S.c.
Vimercate,20871,Via Santi Cosma E Damiano 10
Milano,20154,Via Lodovico Castelvetro 22
Catania,95126,Via Messina 829
Novara,28100,Corso Mazzini 18
Pesaro,61121,Piazzale Cinelli 4
Messina,98158,Contrada Papardo
Palermo,90146,Viale Strasburgo 233
Catanzaro,88100,Via Vinicio Cortese 10
Bologna,40138,"Via Albertoni,15"
Napoli,80131,Via A. Cardarelli 9
Catania,95124,Piazza S. Maria Di Gesu\' 5
Sassello,17046,Via Gerolamo Badano 23
Caserta,81100,Via Tescione
Potenza,85100,Via Potito Petrone
Cuneo,12100,Via Michele Coppino 26
Napoli,80122,Via Della Croce Rossa 8
Roma,00152,Circonvallazione Gianicolense 87
Bari,70124,Piazza Giulio Cesare 11
Firenze,50141,Largo Brambilla 3
Napoli,80131,Via Sergio Pansini 5
Verona,37126,Piazzale Aristide Stefani 1
Catanzaro,88100,Via Tommaso Campanella 115
Firenze,50139,Viale G. Pieraccini 24
Ancona,60126,Via Conca 71
Messina,98124,Via Consolare Valeria 1
Roma,00133,Viale Oxford 81
Palermo,90127,Via del Vespro 129
Catania,95123,Via Santa Sofia 78
Orbassano,10043,Regione Gonzole 10
Siena,53100,Strada Delle Scotte 14
Napoli,80138,Via S.M. Costantinopoli 104
Ferrara,44124,Via Aldo Moro 8 Ferrara
Genova,16132,Largo Rosanna Benzi 10
Modena,41124,Via Del Pozzo 71
Pisa,56126,Via Roma 67
Foggia,71122,Viale Lugi Pinto 1
Terni,05100,Via Tristano Di Joannuccio 1 Terni
Cosenza,87100,Via San Martino
Benevento,82100,Via Dell\' Angelo 1
Chiari,25032,Viale Mazzini 4
Perugia,06129,Piazzale Menghini 8/9
Como,22100,Via Napoleona 60
Roma,00189,Via di Grottarossa 1035 - 1039
Salerno,84131,Via San Leonardo snc
Avellino,83100,Contrada Amoretta Avellino
Cepagatti,65012,Via Ada Negri 34
Parma,43121,Via Cavestro 14
Lecco,23900,Piazza Lega Lombarda 4
La Spezia,19126,Via Carducci S.c.
Ancona,60121,Molo Santa Maria - Porto
Cagliari,09123,Molo Dogana
Civitavecchia,00053,Molo Vespucci SNC
Predazzo,38037,Via Ettore Sottsass 11
Laces,39021,Via Centrale 57
Gioia Tauro,89013,ctr. Lamia
Bedollo,38043,Via G.verdi 35
Casalecchio Di Reno,40033,Via Dei Mille 9
Matera,75100,Via Ridola 60
Matera,75100,C.da Rondinelle Snc
Macerata,62100,Via Luigi Pannelli 1
Messina,98122,Via Vittorio Emanuele Ii 27
Desio,20832,Via Canonico Villa 108
Cividale Del Friuli,33043,Viale Duca Degli Abruzzi 1
Pasiano di Pordenone,33087,Via Roma 54
Palermo,90139,Via Piano Dell\'ucciardone 4
Viareggio,55049,Via Lungo Canale Est 11
Ravenna,48122,Via Antico Squero 31
Curti,81040,Vico Isonzo 4
Pellizzano,38020,Via Dei Baschenis 6
Taio,38012,Via Thomas A. Edison 20
Gagliole,62022,Via Bergoni 40
San Giovanni Valdarno,52027,Lungarno Guido Reni 5
Brentonico,38060,Via Balista 7
Offida,63073,Via Del Merletto 29
Trento,38122,Via Piave 108
Narni,05035,Piazza Galeotto Marzio 6
Cordenons,33084,Via Cervel 68
Spiazzo,38088,Via San Vigilio 13
Cividale Del Friuli,33043,Viale Trieste 42
Mori,38065,Via Del Garda 62
Mezzocorona,38016,Via Baron Cristani 38
Lucca,55100,Viale Carlo Del Prete 718
Riva Del Garda,38066,Via Ardaro 20 A
Levico Terme,38056,Via Silva Domini 37
Folgaria,38064,Via Papa Giovanni Xxiii 1
Figline e Incisa Valdarno,50063,Via Della Resistenza 99
Castiglion Fiorentino,52043,Piazza S. Francesco 6
Rovereto,38068,Via Vannetti 6
Pinzolo,38086,Via Genova 84
San Miniato,56028,Via P. Bagnoli 1
Morsano al Tagliamento,33075,Via Roma 27
Castelfranco Emilia,41013,Via Circondaria Nord 39
Firenze,50122,Via De\' Malcontenti 6
Bolzano,39100,Via Della Roggia 5
Pradamano,33040,Via Della Liberta 19 Frazione Lovaria
Ledro,38067,Via G. Falcone e P. Borsellino 6
Bleggio Superiore,38071,Fr. S. Croce 41
Castel Del Piano,58033,Via IV Novembre 1
Vignola,41058,Via Liberta' 823
Macerata,62100,Via B. Gigli 2
Trieste,34129,Via Giovanni Pascoli 31
Levico Terme,38056,Via Cavour 65
San Severino Marche,62027,V.le Eustachio 103
Trento,38123,Via Della Resistenza 63
Bitonto,70032,Piazzale Ferdinando Ii Di Borbone 18
Foggia,71122,Viale Degli Aviatori 25
Lucera,71036,Piazza S. Leonardo 33
Cascina,56021,Via Tosco Romagnola 2280 San Lorenzo Alle Corti
Bari,70131,Via Vaccarella 1
Nomi,38060,Via Roma 21
Pieve di Bono,38085,Frazione Strada 1
Pieve di Cento,40066,Via Gramsci 28
Norcia,06046,Viale Lombrici 27
Pieve Tesino,38050,Via Battaglion Feltre 19
Sorano,58010,Via Selvi 6
Rutigliano,70018,Via Delle Querce 19
Castel Ivano,38059,Via Borgo Allocco 2
Dro,38074,Via Molino 9
Merano,39012,Via San Francesco 26/a
Castello Tesino,38053,Via Fratelli Ballerin 1
Pescia,51017,Via S. Domenico 8
Grigno,38055,Via Vittorio Emanuele 131
Mezzolombardo,38017,Via Damiano Chiesa 6
Primiero San Martino di Castrozza,38054,Viale Marconi 19 - PIEVE
Roncegno Terme,38050,Via Alle Fonti 1
Borgo Valsugana,38051,Via Per Telve 7
Manfredonia,71043,Corso Manfredi 254
Villa Santina,33029,Via Stati Uniti D\'america 10
Crevalcore,40014,Via Matteotti 191
Taranto,74121,Via Lombardia 61
Bari,70123,Via Napoli 332
Latisana,33053,Via Sabbionera 103
Vigo di Fassa,38039,Via Pre De Lejia 12
San Nicandro Garganico,71015,Localita' San Nazario
Canal San Bovo,38050,Via Danoli 15
Sinalunga,53048,Via Costarella 214/a
San Giorgio di Nogaro,33058,Via Cristofoli 18
Fidenza,43036,Via Berenini 151
San Mauro Pascoli,47030,Via Alessandro Manzoni 19
Cesena,47521,Via Dandini 24
Lavis,38015,Via Orti 50
Prato,59100,Via F. Ferrucci 195 T
Trento,38123,Via Degasperi 79
Livigno,23030,Plaza Dal Comun
Pergine Valsugana,38057,Via Marconi 4
Levico Terme,38056,Via Cavour 65
Bari,70121,Via S. Cognetti 36
Taranto,74123,Porto Mercantile
Potenza,85100,Via Del Gallitello 89
Bari,70121,Piazza Aldo Moro 33
Lecce,73100,Via Monte San Michele 20
Venezia,30124,San Marco 2637
Trieste,34143,v. Karl Ludwig Von Bruck 3
Brindisi,72100,Viale Regina Margherita 44
Roma,00161,Viale Del Policlinico 155
Venezia,30123,Santa Marta - Fabbricato 13
Boscoreale,80041,Piazza Pace 1
Ragusa,97100,Zona Industriale Centro Direzionale Asi
Milano,20124,Via Fabio Filzi 22
Cagliari,09123,Via Mameli 96/106
Sarno,84087,Via Ingegno snc
Catanzaro,88100,Cittadella Regionale - Loc. Germaneto Catanzaro
Bologna,40121,Via Santa Maria Maggiore 4
Potenza,85100,Corso Umberto I
Catanzaro,88100,"Via Alberghi,8"
Firenze,50132,Viale Antonio Gramsci 36
Catanzaro,88100,Viale Europa Germaneto
Copparo,44034,Via Alessandro Volta 26/a
Saint-Christophe,11020,Localita\' Grande Charriere 64
Cagliari,09123,Via Cesare Battisti 6
Trieste,34149,Padriciano 99
Bedollo,38043,Via G. Verdi 35
Castellana Sicula,90020,Via Leone XIII 32
Roma,00149,Via Portuense 240
Nuoro,08100,Via Luigi Oggiano 25
Milano,20124,Via Alfredo Campanini 6
Milano,20157,Via Cristina Belgioioso 171
Oristano,09170,Via Cagliari 276
Trieste,34127,Salita Monte Valerio 3
Venezia,30123,Dorsoduro 3439a
Milano,20124,via taramelli 12
Bologna,40127,Viale Aldo Moro 38
Cagliari,09122,Via Is Mirrionis 195
Torino,10121,Corso Bolzano 44
Genova,16121,Via San Vincenzo 4
Roma,00152,Via Circ.ne Gianicolense 87
Udine,33100,Via Prefettura 13
Napoli,80143,Via Vicinale S. Maria Del Pianto C. Polifunzionale Torre 1
Campobasso,86100,"Via Ugo Petrella,1"
Genova,16149,Via Bombrini 8
Palermo,90146,palermo via San Lorenzo 312/G
Torino,10135,Via Pio VII 9
Napoli,80143,Centro Direzionale Isola C5
Genova,16121,Via D'Annunzio 2/78
Sassari,07100,Loc. Bonassai Ss 291 Km 18.600
Campobasso,86100,VIALE REGINA ELENA 1
Cosenza,87100,Viale Trieste 93/95
Campobasso,86100,Via G.B. Vico 4
Roma,00162,Via Rodolfo Lanciani 38
Gorizia,34170,Via Montesanto 17
Bari,70121,Via Giulio Petroni 15/F.1
Aosta,11100,Corso XXVI Febbraio 23
Roma,00166,Via Del Pescaccio 96-98
Campobasso,86100,Via Masciotta 13
Roma,00186,Via Del Corso 476
Baselga Di Pine\',38042,Via Cesare Battisti 7
Bologna,40139,Via Po 5
Potenza,85100,Via Della Fisica 18 C/D
Perugia,06121,Corso Vannucci 96
Ancona,60131,Via Ruggeri 5
Bari,70126,Corso Trieste 27
Chieti,66100,Via Asinio Herio 75
Cagliari,09122,Via Contivecchi 7
Firenze,50144,Via Nicola Porpora 22
Saint-Christophe,11020,Loc Grande Charriere 44
Catanzaro,88100,Viale Lungomare - Localita' Mosca
Palmanova,33057,Via Cairoli 14
Rieti,02100,Via Giuseppe Garibaldi 114
Milano,20124,Via Ippolito Rosellini 17
Perugia,06132,Via Pievaiola - San Sisto
Padova,35121,Via Ospedale Civile 24
Campobasso,86100,Via Sant\' Antonio Abate 236
Torino,10123,Via Bogino 23
Reggio Emilia,42122,Via Pietro Marani 9/1
Rozzano,20089,Viale Palmiro Togliatti 129a
Cosenza,87100,Viale Trieste 93/95
Napoli,80143,Centro Direzionale Isola F9
Aosta,11100,Piazza Narbonne 16
Ancona,60125,Via Gentile Da Fabriano 3
Bari,70126,Via Giovanni Gentile 52
Venezia,30125,Ex Ospedale G.B. Giustinian Dorsoduro 1454
Palermo,90134,Piazza del Parlamento 1
Firenze,50141,Via Pietro Dazzi 1
Torino,10126,Via Nizza 230
Pescara,65127,Viale Marconi 178
Firenze,50127,Via Ruggero Bardazzi 19/21
Firenze,50132,Via Pico Della Mirandola 24
Bari,70121,Piazza Aldo Moro 33/a
Napoli,80132,Via S.lucia 81
Bari,70132,Viale Luigi Corigliano 1
Roma,00185,Via Monzambano 10
Alba,12051,Via Vida 10
Lecce,73100,Via Miglietta 5
Bassano del Grappa,36061,"Via Dei Lotti,40"
La Spezia,19121,Via Fazio 30
Lumezzane,25065,Piazzale Della Piscina 6
Angri,84012,Piazza Crocifisso 23
Lumezzane,25065,Via Rosmini 14
Montecosaro,62010,Via Antonio Gatti 5
Aprilia,04011,P.zza Roma 1
Sassari,07100,Viale S. Pietro 10
Ladispoli,00055,Viale Europa 20
Pomigliano D\'arco,80038,Via Fiume 64
Soresina,26015,Via Cairoli 17
Collegno,10093,Via Martiri XXX Aprile 30
Corvara In Badia,39033,Str. Col Alt 36
Cittaducale,02015,Piazza Pietro Nenni
Sluderno,39020,Piazza Del Magistrato 1
San Lorenzo di Sebato,39030,Franz Hellweger Platz 2
Pozza di Fassa,38036,Piaza De Comun 1
Prato allo Stelvio,39026,Via Pineta 108
Stelvio,39029,Stelvio Paese 24
Canazei,38032,Streda Roma 12
Rasun Anterselva,39030,Niederrasner Str. 35E
Rasun Anterselva,39030,Niederrasner Str. 35E
Valle Aurina,39030,San Giovanni 273/h
Brunico,39031,Piazza Municipio 1
Villabassa,39039,P.zza Von Kurz 5
Laces,39021,Piazza Centro 6
Chienes,39030,Via Chienes 4C
Valle di Casies,39030,Planca di Sotto 9 b
Valle di Casies,39030,Planca di Sotto 9 b
Pellizzano,38020,Piazza Santa Maria 6
Borgorose,02021,Via San Francesco
Vandoies,39030,Mairgasse 5 B
Caldes,38022,Via Al Castello 12
Canazei,38032,Streda Roma 12
Braies,39030,Braies Di Dentro 40
Dobbiaco,39034,Via Conti Kuenigl 1
Nova Ponente,39050,Via Castello Thurn 1
Bressanone,39042,via Eores 241
Rio di Pusteria,39037,Piazza Georg Stocker 8
Rasun Anterselva,39030,Niederrasner Str. 35E
Braies,39030,Braies Di Dentro 40
Falzes,39030,Piazza Municipio 1
Pergine Valsugana,38057,Piazza Garibaldi 7
Voltago Agordino,32020,Viale Della Vittoria 43a
Valdaora,39030,Hans V. Perthalerstrasse 15
Salorno,39040,Piazza Municipio 1
Valdaora,39030,Hans V. Perthalerstrasse 15
Rio Di Pusteria,39037,Via Katharina Lanz 47
Gais,39030,Ulrich-von-taufers-strasse 5
Canazei,38032,Streda Roma 12
Chienes,39030,Chiener Dorfweg 4c
Laces,39021,Piazza Principale 6
Malles Venosta,39024,Laudes 110
Lasa,39023,Via Venosta 52
Selva dei Molini,39030,Selva Molini Paese 18 a
Valle Aurina,39030,Cadipietra 96
Badia,39036,Str. Rottonara 21 - Fraz. La Villa
Marebbe,39030,Str. Catarina Lanz 48
Malles Venosta,39024,Via Ge I. Verdross 36
Prato allo Stelvio,39026,Kreuzweg 3
Sesto,39030,Via Dolomiti 9
Monguelfo-Tesido,39035,Via P.-J.-Schwingshackl 3
Nova Ponente,39050,Via Castello Thurn 1
Campo Di Trens,39040,Mules 84
Rio Di Pusteria,39037,Maranza Via Waldeler 5
Rasun Anterselva,39030,Niederrasner Str. 35E
Nova Ponente,39050,Via Castello Thurn 1
Corvara in Badia,39033,Strada Col Alt 36
Silandro,39028,Via Sant Egidio 8
Silandro,39028,Via Muehlbach 2
San Candido,39038,Piazza Del Magistrato 2
Corvara In Badia,39033,Str. Col Alt 36
Malles Venosta,39024,Planol 18
Canazei,38032,Streda Roma 12
Valle di Casies,39030,Planca di Sotto 9 b
Pergine Valsugana,38057,Piazza Garibaldi 7
Curon Venosta,39027,Via Claudia Augusta 2
Brunico,39031,Piazza Municipio 1
Rodengo,39037,Frazione Villa 3
Campo Tures,39032,Via Municipio 8
Lasa,39023,Via Tanas 5
Malles Venosta,39024,Slingia 46
Valle Di Casies,39030,San Martino 9
Rodengo,39037,Frazione San Benedetto 65a
San Candido,39038,Piazza Del Magistrato 2
Senale-san Felice,39010,Via Palade 12
Brunico,39031,Pipenstrasse 6
Valle Di Casies,39030,Unterstein 1
Valle Aurina,39030,Cadipietra 96
Stelvio,39029,Stelvio Paese 24
Brunico,39031,Piazza Municipio 1
Sesto,39030,Via Della Chiesa 7
Valle di Casies,39030,Via Pater Haspinger 2
Brunico,39031,Piazza Municipio 1
Laces,39021,Piazza Principale No. 6
Malles Venosta,39024,Tarces 84
Campodenno,38010,Via Pontara 5 Termon Di Campodenno
Taio,38012,Via Simone Barbacovi 4
Tres,38010,Via Nazionale 8
Lasa,39023,Via Venosta 52
Campo Tures,39032,Municipio
Malles Venosta,39024,Ultimo 114
Valle Aurina,39030,Innertal 58k
San Genesio Atesino,39050,Schrann 1
Velturno,39040,Piazza Simon Rieder 2
Vervo\',38010,Piazza Chiesa 8
Silandro,39028,Via Principale 120
Vandoies,39030,Hinterdrittel 12
Valdaora,39030,Hans V. Perthalerstrasse 15
Tres,38010,Via Nazionale 8
Gais,39030,Via Ulrich Von Taufers 5
Pergine Valsugana,38057,Piazza Garibaldi 7
San Candido,39038,Piazza Del Magistrato 2
Porte Di Rendena,38094,Via Iv Novembre 10 Vigo Rendena
Valdaora,39030,Hans V. Perthalerstrasse 15
Brunico,39031,Piazza Municipio 1
Dobbiaco,39034,Via Conti Kuenigl 1
Viterbo,01100,Piazza dell' Unita' 21
Valle Aurina,39030,Steinhaus 96
Caldes,38022,Via Al Castello 12
Campo Tures,39032,Acereto 114
Vignola-Falesina,38057,Frazione Vignola 12
Campo Tures,39032,Via Municipio 8
Campo Tures,39032,Municipio
Pozza di Fassa,38036,Piaza De Comun 1
Malles Venosta,39024,Burgusio 217 A
Silandro,39028,Via Principale 120
Pellizzano,38020,Piazza Santa Maria 6
Curon Venosta,39027,Vallelunga Caprone 7
Napoli,80143,Via G. Porzio
Cortina D\'ampezzo,32043,Via Della Difesa 12
Giulianova,64021,Via Cavour 2
Portico e San Benedetto,47010,Piazza G. Marconi 3
Peio,38024,Via G. Caserotti 31 - 38024 Peio
Peio,38024,Via G. Caserotti 31 - 38024 Peio
Cantu\',22063,Via Cavour 19
Salo\',25087,Piazza Carmine 4
Terno d\'Isola,24030,Via G. Bravi 16
Ariano Irpino,83031,Via Fontanuova Snc
Noto,96017,Via Tommaso Fazello 218
Peio,38024,Via G. Caserotti 31 - 38024 Peio
Peio,38024,Via G. Caserotti 31 - 38024 Peio
San Cipriano d\'Aversa,81036,"Via Roma,6 - Presso Casa Comunale"
Saracena,87010,Via Carlo Pisacane
Casale Monferrato,15033,Via Candiani D\'olivola 19
Castiglione Delle Stiviere,46043,Via Cesare Battisti 4
Carsoli,67061,Via San Nicola 3
L\'Aquila,67100,Via Archi Della Fonte Frazione Arischia
Castelbello-ciardes,39020,Piazza Centro 1
Castelbello-ciardes,39020,Piazza Centro 1
Castelbello-ciardes,39020,Piazza Centro 1
Laces,39021,Piazza Centro 6
Castelbello-ciardes,39020,Piazza Centro 1
Castelrotto,39040,Piazza Krausen 1
Trodena Nel Parco Naturale,39040,Via Koecknschmied 1
Valle di Casies,39030,Via Santa Maddalena 29
Cagliari,09123,Via Cesare Battisti Snc
Dimaro,38025,Piazza Giovanni Serra 10
Dimaro,38025,Piazza Giovanni Serra 10
Rumo,38020,Via Marcena 21
Rumo,38020,Via Marcena 21
Rumo,38020,Via Marcena 21
Predappio,47016,Via Piccinini 66
Roma,00133,Via del Politecnico snc
Lavis,38015,Via Giuseppe Di Vittorio 84
Napoli,80147,Via Luigi Volpicella 315
Castelbello-ciardes,39020,Piazza Centro 1
Novellara,42017,P.le Marconi 1
Trento,38121,Via 4 Novembre 23.4
San Dona\' di Piave,30027,Via Nazario Sauro 21
San Michele Al Tagliamento,30028,Via Dell Unione 10
Montesilvano,65015,Piazza Diaz
Bari,70126,Viale Japigia 184
Omegna,28887,Via Mazzini 117
L\'Aquila,67100,Via Saragat loc. Campo di Pile
Benevento,82100,Via Oderisio 1
Sanremo,18038,Via Aurelia Ponente 97
Genova,16121,Via Bertani 4
Chiavari,16043,Via G B Ghio 9
Roma,00166,Via Del Pescaccio 96
Bari,70123,Lungomare Starita 6
Roma,00193,Borgo Santo Spirito 3
Roma,00157,Via Filippo Meda 35
Civitavecchia,00053,Via Terme Di Traiano 39A
Torino,10149,Via San Secondo 29
Cagliari,09124,Via Ospedale 54
Chieti,66100,Via Martiri Lancianesi 17/19
Savona,17100,Via Manzoni 14
Alessandria,15121,via Venezia 6
Avellino,83100,Via Degli Imbimbo 10/12
Bari,70123,Lungomare Starita 6
Andria,76123,Via Fornaci 201
Ponderano,13875,Via dei Ponderanesi 2
Bologna,40124,Via Castiglione 29
Brindisi,72100,Via Napoli 8
Cuneo,12100,Via Carlo Boggio 12
Foggia,71121,Viale Fortore
Latina,04100,Viale Pier Luigi Nervi Pal.G2
Frattamaggiore,80027,"Via M. Lupoli,27"
Torre del Greco,80059,Via Marconi 66
Roma,00193,Borgo Santo Spirito 3
Salerno,84124,Via Nizza 146
Chivasso,10034,Via Po 11
Chieri,10023,piazza Silvio Pellico 1
Vercelli,13100,Corso M. Abbiate 21
Taranto,74120,Viale Virgilio 31
Gallarate,21013,Via Carlo Cattaneo 9
Garbagnate Milanese,20024,Piazza De Gasperi 1
Marnate,21050,Via Italia 151
Pontecorvo,03037,Piazza IV Novembre 1
Viareggio,55049,Via Pascoli 6
Saint-christophe,11020,Loc. Chef-lieu 11
Torino,10128,Via Magellano 1
Argenta,44011,Via Provinciale 53 - Consandolo
Palmanova,33057,Piazza Garibaldi 7
Jesi,60035,Via Gramsci 95
Anguillara Veneta,35022,Piazza De Gasperi 8
Roma,00142,Via Calderon De La Barca 87
Calizzano,17057,Via Garibaldi 39
Castel Bolognese,48014,Via Biancanigo 45/a
Bolzano,39100,Via Cassa di Risparmio 4
Codogno,26845,Viale Gandolfi 27/33
Bologna,40126,Via Marsala 7
Chieuti,71010,Via Papa Giovanni XXIII 4
Piacenza,29121,Via Campagna 157
Paluzza,33026,Via Nazionale 31
Massafra,74016,Via Trento 1
Mirandola,41037,Via Posta Vecchia 30
Cagli,61043,Viale Della Vittoria 3
Voghera,27058,Viale Della Repubblica 86
San Polo d\'Enza,42020,Via De Gasperi 3
Cavasso Nuovo,33092,Via Vittorio Veneto 91
Codigoro,44021,Viale della Resistenza 3/a
Castellana Grotte,70013,Largo San Giuseppe 7
Enna,94100,Viale Armando Diaz 7
Peio,38024,Via G. Caserotti 31 - 38024 Peio
Pellizzano,38020,Piazza Santa Maria 6
Corato,70033,via Farina 1
Milano,20123,Via Bartolomeo d'Alviano 78
Pavia,27100,Viale Matteotti 63
Somma Lombardo,21019,Via Bellini 29
Rio Saliceto,42010,Via C.marx 10
Genova,16124,Via Della Mercanzia 2
Foggia,71121,Viale Giuseppe Di Vittorio 97-99
La Spezia,19126,"Via Del Molo,1"
Bari,70122,"Piazzale Cristoforo Colombo,1"
Augusta,96011,Palazzina Ed1 Porto Commerciale Augusta Contrada Punta Cugno
Livorno,57123,Scali Rosciano 6-7
Napoli,80133,Piazzale Pisacane Snc Interno Porto Napoli
Montevarchi,52025,Via G. Pascoli 45
Alghero,07041,Tramariglio S.P. 55 44
Olbia,07026,Via Indonesia 9
Citta\' Sant\'angelo,65013,Contrada Vertonica
Modena,41121,Via Sant'Orsola 52
Civitanova Marche,62012,Piazza XXV Luglio 2
Pergola,61045,Via Mameli 6
Ravenna,48121,Via Di Roma 31
Monopoli,70043,Largo Cardinale Marzati
Parma,43121,Piazzale Antonio Barezzi 3
Azzano Decimo,33082,Viale XXV Aprile 42
Spilimbergo,33097,Viale Barbacane 19
Renon,39054,Via Del Paese 20 Collalbo
Roncade,31056,Via Tiziano Vecellio 8
Monguelfo-tesido,39035,Via Riva Di Sotto
Fasano,72015,Via Nazionale Dei Trulli 109
Atri,64032,Via Pietro Baiocchi 29
San Colombano al Lambro,20078,Via Valsasino 116
Fabriano,60044,Via Santa Caterina 13
Rimini,47923,Via Di Mezzo 1
Guastalla,42016,Piazza Mazzini 1
Agrigento,92100,"Viale Della Vittoria,321"
Tolmezzo,33028,Via G. B. Morgagni 5
Cosenza,87100,Viale Degli Alimena 8
Catanzaro,88100,Via Vinicio Cortese
San Lazzaro di Savena,40068,Via Emilia 36
Messina,98123,Via La Farina 263
Palermo,90141,Via Giacomo Gusmano 24
Carpi,41012,Via Trento Trieste 22
Trapani,91100,Via Mazzini 1
Salerno,84131,Via R. Wenner 61
Rovigo,45100,Via Della Resistenza 4
Campobasso,86100,Via A. Depretis
Merate,23807,Piazza V.veneto 2
Pescara,65127,Via Attilio Monti 9
Bressanone,39042,Viale Mozart 28
Ragusa,97100,Via E. C. Lupis 99
Bolzano,39100,viale Druso 116
Osimo,60027,Via Dell\'industria 1
Bolzano,39100,Vicolo Gumer 7
Gualtieri,42044,Strada Statale 63 87
Civitanova Marche,62012,"Via Bruno Buozzi,6"
Casaluce,81030,Via Salvador Allende 4
Langhirano,43013,Via Don Orsi 1
San Donato Milanese,20097,Via Sergnano 2
Bari,70126,Via Gentile 52
Montelparo,63853,Via Santa Maria Novella
Pergine Valsugana,38057,Piazza Garbari 5
San Dona\' di Piave,30027,Piazza De Gasperi 5
Frascati,00044,Corso Italia 18
Parabiago,20015,Piazza Della Vittoria 7
Troina,94018,Via Nuova Del Carmine 6
Livinallongo Del Col Di Lana,32020,Via Soraru 59
Nicosia,94014,Piazza Garibaldi 29
Copparo,44034,Via Mazzini 47
Brescia,25123,Piazzale Spedali Civili 1
Seriate,24068,Via Paderno 21
Treviglio,24047,Piazzale Ospedale 1
Crema,26013,Largo Ugo Dossena 2
Cremona,26100,Viale Concordia 1
Chiari,25032,Viale G. Mazzini 4
Desenzano del Garda,25015,Localita Montecroce
Milano,20122,Piazza Cardinal Ferrari 1
Lecco,23900,Via Dell\'eremo 9-11
Como,22100,Via Napoleona 60
Lodi,26900,piazza Ospitale 10
Mantova,46100,Strada Lago Paiolo 10
Monza,20900,Via Pergolesi 33
